track_name,track_id,album,artist,audio_features,danceability,energy,key,loudness,mode,apeechiness,acousticness,instrumentalness,liveness,valence,tempo
In My Blood,21YnmkSDhUkmkkni22Svc4,Shawn Mendes,Shawn Mendes,"{'danceability': 0.618, 'energy': 0.711, 'key': 5, 'loudness': -7.248, 'mode': 1, 'speechiness': 0.0706, 'acousticness': 0.0544, 'instrumentalness': 0, 'liveness': 0.125, 'valence': 0.488, 'tempo': 139.967, 'type': 'audio_features', 'id': '21YnmkSDhUkmkkni22Svc4', 'uri': 'spotify:track:21YnmkSDhUkmkkni22Svc4', 'track_href': 'https://api.spotify.com/v1/tracks/21YnmkSDhUkmkkni22Svc4', 'analysis_url': 'https://api.spotify.com/v1/audio-analysis/21YnmkSDhUkmkkni22Svc4', 'duration_ms': 211360, 'time_signature': 4}",0.618,0.711,5,-7.248,1,0.0706,0.0544,0.0,0.125,0.488,139.967
Nervous,0Dq49j3dELbttQVUJbtn0c,Shawn Mendes,Shawn Mendes,"{'danceability': 0.844, 'energy': 0.62, 'key': 0, 'loudness': -6.783, 'mode': 1, 'speechiness': 0.0812, 'acousticness': 0.0422, 'instrumentalness': 0, 'liveness': 0.15, 'valence': 0.724, 'tempo': 121.989, 'type': 'audio_features', 'id': '0Dq49j3dELbttQVUJbtn0c', 'uri': 'spotify:track:0Dq49j3dELbttQVUJbtn0c', 'track_href': 'https://api.spotify.com/v1/tracks/0Dq49j3dELbttQVUJbtn0c', 'analysis_url': 'https://api.spotify.com/v1/audio-analysis/0Dq49j3dELbttQVUJbtn0c', 'duration_ms': 164147, 'time_signature': 4}",0.844,0.62,0,-6.783,1,0.0812,0.0422,0.0,0.15,0.724,121.989
Lost In Japan,6WBTeFDEfAJbaSUUc1V1xQ,Shawn Mendes,Shawn Mendes,"{'danceability': 0.708, 'energy': 0.695, 'key': 10, 'loudness': -6.89, 'mode': 1, 'speechiness': 0.372, 'acousticness': 0.296, 'instrumentalness': 0, 'liveness': 0.156, 'valence': 0.444, 'tempo': 105.038, 'type': 'audio_features', 'id': '6WBTeFDEfAJbaSUUc1V1xQ', 'uri': 'spotify:track:6WBTeFDEfAJbaSUUc1V1xQ', 'track_href': 'https://api.spotify.com/v1/tracks/6WBTeFDEfAJbaSUUc1V1xQ', 'analysis_url': 'https://api.spotify.com/v1/audio-analysis/6WBTeFDEfAJbaSUUc1V1xQ', 'duration_ms': 201200, 'time_signature': 4}",0.708,0.695,10,-6.89,1,0.372,0.296,0.0,0.156,0.444,105.038
Where Were You In The Morning?,51wrmElSLxFzc0vSQPeTxs,Shawn Mendes,Shawn Mendes,"{'danceability': 0.714, 'energy': 0.519, 'key': 7, 'loudness': -7.437, 'mode': 1, 'speechiness': 0.0708, 'acousticness': 0.549, 'instrumentalness': 0, 'liveness': 0.0993, 'valence': 0.466, 'tempo': 88.02, 'type': 'audio_features', 'id': '51wrmElSLxFzc0vSQPeTxs', 'uri': 'spotify:track:51wrmElSLxFzc0vSQPeTxs', 'track_href': 'https://api.spotify.com/v1/tracks/51wrmElSLxFzc0vSQPeTxs', 'analysis_url': 'https://api.spotify.com/v1/audio-analysis/51wrmElSLxFzc0vSQPeTxs', 'duration_ms': 200600, 'time_signature': 4}",0.714,0.519,7,-7.437,1,0.0708,0.549,0.0,0.0993,0.466,88.02
Like To Be You feat. Julia Michaels,5QskYLFPX9y7pLU0VEMNbr,Shawn Mendes,Shawn Mendes,"{'danceability': 0.747, 'energy': 0.452, 'key': 2, 'loudness': -9.336, 'mode': 1, 'speechiness': 0.209, 'acousticness': 0.804, 'instrumentalness': 0, 'liveness': 0.108, 'valence': 0.649, 'tempo': 153.849, 'type': 'audio_features', 'id': '5QskYLFPX9y7pLU0VEMNbr', 'uri': 'spotify:track:5QskYLFPX9y7pLU0VEMNbr', 'track_href': 'https://api.spotify.com/v1/tracks/5QskYLFPX9y7pLU0VEMNbr', 'analysis_url': 'https://api.spotify.com/v1/audio-analysis/5QskYLFPX9y7pLU0VEMNbr', 'duration_ms': 159400, 'time_signature': 4}",0.747,0.452,2,-9.336,1,0.209,0.804,0.0,0.108,0.649,153.849
Fallin' All In You,5I8oEqbk2ZBmQfXCrZbUFb,Shawn Mendes,Shawn Mendes,"{'danceability': 0.852, 'energy': 0.479, 'key': 8, 'loudness': -6.834, 'mode': 1, 'speechiness': 0.0372, 'acousticness': 0.446, 'instrumentalness': 0, 'liveness': 0.112, 'valence': 0.777, 'tempo': 92.039, 'type': 'audio_features', 'id': '5I8oEqbk2ZBmQfXCrZbUFb', 'uri': 'spotify:track:5I8oEqbk2ZBmQfXCrZbUFb', 'track_href': 'https://api.spotify.com/v1/tracks/5I8oEqbk2ZBmQfXCrZbUFb', 'analysis_url': 'https://api.spotify.com/v1/audio-analysis/5I8oEqbk2ZBmQfXCrZbUFb', 'duration_ms': 235747, 'time_signature': 4}",0.852,0.479,8,-6.834,1,0.0372,0.446,0.0,0.112,0.777,92.039
Particular Taste,1mmAqhLcvPrknbslMiDlyU,Shawn Mendes,Shawn Mendes,"{'danceability': 0.967, 'energy': 0.339, 'key': 9, 'loudness': -7.581, 'mode': 1, 'speechiness': 0.149, 'acousticness': 0.0352, 'instrumentalness': 2.55e-05, 'liveness': 0.0702, 'valence': 0.598, 'tempo': 111.978, 'type': 'audio_features', 'id': '1mmAqhLcvPrknbslMiDlyU', 'uri': 'spotify:track:1mmAqhLcvPrknbslMiDlyU', 'track_href': 'https://api.spotify.com/v1/tracks/1mmAqhLcvPrknbslMiDlyU', 'analysis_url': 'https://api.spotify.com/v1/audio-analysis/1mmAqhLcvPrknbslMiDlyU', 'duration_ms': 175573, 'time_signature': 4}",0.967,0.339,9,-7.581,1,0.149,0.0352,2.55e-05,0.0702,0.598,111.978
Why,1KXFoiT2n4QXRsFvhWNI4I,Shawn Mendes,Shawn Mendes,"{'danceability': 0.698, 'energy': 0.427, 'key': 0, 'loudness': -9.186, 'mode': 0, 'speechiness': 0.0458, 'acousticness': 0.695, 'instrumentalness': 1.36e-06, 'liveness': 0.0672, 'valence': 0.254, 'tempo': 127.122, 'type': 'audio_features', 'id': '1KXFoiT2n4QXRsFvhWNI4I', 'uri': 'spotify:track:1KXFoiT2n4QXRsFvhWNI4I', 'track_href': 'https://api.spotify.com/v1/tracks/1KXFoiT2n4QXRsFvhWNI4I', 'analysis_url': 'https://api.spotify.com/v1/audio-analysis/1KXFoiT2n4QXRsFvhWNI4I', 'duration_ms': 238173, 'time_signature': 4}",0.698,0.427,0,-9.186,0,0.0458,0.695,1.36e-06,0.0672,0.254,127.122
Because I Had You,7hlhojpax9zg2FNdBLY5ox,Shawn Mendes,Shawn Mendes,"{'danceability': 0.585, 'energy': 0.331, 'key': 7, 'loudness': -9.9, 'mode': 1, 'speechiness': 0.483, 'acousticness': 0.348, 'instrumentalness': 0, 'liveness': 0.296, 'valence': 0.713, 'tempo': 202.65, 'type': 'audio_features', 'id': '7hlhojpax9zg2FNdBLY5ox', 'uri': 'spotify:track:7hlhojpax9zg2FNdBLY5ox', 'track_href': 'https://api.spotify.com/v1/tracks/7hlhojpax9zg2FNdBLY5ox', 'analysis_url': 'https://api.spotify.com/v1/audio-analysis/7hlhojpax9zg2FNdBLY5ox', 'duration_ms': 142480, 'time_signature': 4}",0.585,0.331,7,-9.9,1,0.483,0.348,0.0,0.296,0.713,202.65
Queen,17FyWGvqby379Q92sn23jW,Shawn Mendes,Shawn Mendes,"{'danceability': 0.879, 'energy': 0.677, 'key': 1, 'loudness': -7.23, 'mode': 1, 'speechiness': 0.122, 'acousticness': 0.21, 'instrumentalness': 0, 'liveness': 0.0942, 'valence': 0.896, 'tempo': 131.052, 'type': 'audio_features', 'id': '17FyWGvqby379Q92sn23jW', 'uri': 'spotify:track:17FyWGvqby379Q92sn23jW', 'track_href': 'https://api.spotify.com/v1/tracks/17FyWGvqby379Q92sn23jW', 'analysis_url': 'https://api.spotify.com/v1/audio-analysis/17FyWGvqby379Q92sn23jW', 'duration_ms': 204693, 'time_signature': 4}",0.879,0.677,1,-7.23,1,0.122,0.21,0.0,0.0942,0.896,131.052
Youth feat. Khalid,5SwEgzUFDHwpWHKrbnP32Z,Shawn Mendes,Shawn Mendes,"{'danceability': 0.62, 'energy': 0.594, 'key': 11, 'loudness': -6.678, 'mode': 0, 'speechiness': 0.0775, 'acousticness': 0.578, 'instrumentalness': 0, 'liveness': 0.147, 'valence': 0.312, 'tempo': 99.962, 'type': 'audio_features', 'id': '5SwEgzUFDHwpWHKrbnP32Z', 'uri': 'spotify:track:5SwEgzUFDHwpWHKrbnP32Z', 'track_href': 'https://api.spotify.com/v1/tracks/5SwEgzUFDHwpWHKrbnP32Z', 'analysis_url': 'https://api.spotify.com/v1/audio-analysis/5SwEgzUFDHwpWHKrbnP32Z', 'duration_ms': 190867, 'time_signature': 4}",0.62,0.594,11,-6.678,0,0.0775,0.578,0.0,0.147,0.312,99.962
Mutual,0rrfXLr1p1yxsUy7LrKoYT,Shawn Mendes,Shawn Mendes,"{'danceability': 0.917, 'energy': 0.497, 'key': 11, 'loudness': -6.676, 'mode': 0, 'speechiness': 0.196, 'acousticness': 0.227, 'instrumentalness': 0, 'liveness': 0.146, 'valence': 0.8, 'tempo': 115.034, 'type': 'audio_features', 'id': '0rrfXLr1p1yxsUy7LrKoYT', 'uri': 'spotify:track:0rrfXLr1p1yxsUy7LrKoYT', 'track_href': 'https://api.spotify.com/v1/tracks/0rrfXLr1p1yxsUy7LrKoYT', 'analysis_url': 'https://api.spotify.com/v1/audio-analysis/0rrfXLr1p1yxsUy7LrKoYT', 'duration_ms': 148360, 'time_signature': 4}",0.917,0.497,11,-6.676,0,0.196,0.227,0.0,0.146,0.8,115.034
Perfectly Wrong,0UTHr20nqVFMoji8xYE9yl,Shawn Mendes,Shawn Mendes,"{'danceability': 0.388, 'energy': 0.323, 'key': 2, 'loudness': -11.626, 'mode': 0, 'speechiness': 0.0387, 'acousticness': 0.878, 'instrumentalness': 0, 'liveness': 0.0933, 'valence': 0.323, 'tempo': 141.922, 'type': 'audio_features', 'id': '0UTHr20nqVFMoji8xYE9yl', 'uri': 'spotify:track:0UTHr20nqVFMoji8xYE9yl', 'track_href': 'https://api.spotify.com/v1/tracks/0UTHr20nqVFMoji8xYE9yl', 'analysis_url': 'https://api.spotify.com/v1/audio-analysis/0UTHr20nqVFMoji8xYE9yl', 'duration_ms': 212773, 'time_signature': 3}",0.388,0.323,2,-11.626,0,0.0387,0.878,0.0,0.0933,0.323,141.922
When You're Ready,03vyB3AHCuEGfhh7wPc7Yf,Shawn Mendes,Shawn Mendes,"{'danceability': 0.498, 'energy': 0.475, 'key': 5, 'loudness': -8.802, 'mode': 1, 'speechiness': 0.0997, 'acousticness': 0.786, 'instrumentalness': 0, 'liveness': 0.113, 'valence': 0.681, 'tempo': 171.865, 'type': 'audio_features', 'id': '03vyB3AHCuEGfhh7wPc7Yf', 'uri': 'spotify:track:03vyB3AHCuEGfhh7wPc7Yf', 'track_href': 'https://api.spotify.com/v1/tracks/03vyB3AHCuEGfhh7wPc7Yf', 'analysis_url': 'https://api.spotify.com/v1/audio-analysis/03vyB3AHCuEGfhh7wPc7Yf', 'duration_ms': 169587, 'time_signature': 4}",0.498,0.475,5,-8.802,1,0.0997,0.786,0.0,0.113,0.681,171.865
There's Nothing Holdin' Me Back,7JJmb5XwzOO8jgpou264Ml,Illuminate (Deluxe),Shawn Mendes,"{'danceability': 0.866, 'energy': 0.813, 'key': 11, 'loudness': -4.063, 'mode': 0, 'speechiness': 0.0554, 'acousticness': 0.38, 'instrumentalness': 0, 'liveness': 0.0779, 'valence': 0.969, 'tempo': 121.998, 'type': 'audio_features', 'id': '7JJmb5XwzOO8jgpou264Ml', 'uri': 'spotify:track:7JJmb5XwzOO8jgpou264Ml', 'track_href': 'https://api.spotify.com/v1/tracks/7JJmb5XwzOO8jgpou264Ml', 'analysis_url': 'https://api.spotify.com/v1/audio-analysis/7JJmb5XwzOO8jgpou264Ml', 'duration_ms': 199440, 'time_signature': 4}",0.866,0.813,11,-4.063,0,0.0554,0.38,0.0,0.0779,0.969,121.998
Ruin,7FUXL9fOmUeZFGXvL5cYkR,Illuminate (Deluxe),Shawn Mendes,"{'danceability': 0.686, 'energy': 0.382, 'key': 2, 'loudness': -6.68, 'mode': 1, 'speechiness': 0.0314, 'acousticness': 0.382, 'instrumentalness': 0, 'liveness': 0.109, 'valence': 0.527, 'tempo': 125.024, 'type': 'audio_features', 'id': '7FUXL9fOmUeZFGXvL5cYkR', 'uri': 'spotify:track:7FUXL9fOmUeZFGXvL5cYkR', 'track_href': 'https://api.spotify.com/v1/tracks/7FUXL9fOmUeZFGXvL5cYkR', 'analysis_url': 'https://api.spotify.com/v1/audio-analysis/7FUXL9fOmUeZFGXvL5cYkR', 'duration_ms': 241893, 'time_signature': 3}",0.686,0.382,2,-6.68,1,0.0314,0.382,0.0,0.109,0.527,125.024
Mercy,0AS63m1wHv9n4VVRizK6Hc,Illuminate (Deluxe),Shawn Mendes,"{'danceability': 0.555, 'energy': 0.662, 'key': 11, 'loudness': -4.952, 'mode': 0, 'speechiness': 0.0827, 'acousticness': 0.125, 'instrumentalness': 0, 'liveness': 0.111, 'valence': 0.356, 'tempo': 148.128, 'type': 'audio_features', 'id': '0AS63m1wHv9n4VVRizK6Hc', 'uri': 'spotify:track:0AS63m1wHv9n4VVRizK6Hc', 'track_href': 'https://api.spotify.com/v1/tracks/0AS63m1wHv9n4VVRizK6Hc', 'analysis_url': 'https://api.spotify.com/v1/audio-analysis/0AS63m1wHv9n4VVRizK6Hc', 'duration_ms': 208733, 'time_signature': 4}",0.555,0.662,11,-4.952,0,0.0827,0.125,0.0,0.111,0.356,148.128
Treat You Better,48DKpTEVJ2pAjxQbWTad3q,Illuminate (Deluxe),Shawn Mendes,"{'danceability': 0.444, 'energy': 0.819, 'key': 10, 'loudness': -4.078, 'mode': 0, 'speechiness': 0.341, 'acousticness': 0.106, 'instrumentalness': 0, 'liveness': 0.107, 'valence': 0.747, 'tempo': 82.695, 'type': 'audio_features', 'id': '48DKpTEVJ2pAjxQbWTad3q', 'uri': 'spotify:track:48DKpTEVJ2pAjxQbWTad3q', 'track_href': 'https://api.spotify.com/v1/tracks/48DKpTEVJ2pAjxQbWTad3q', 'analysis_url': 'https://api.spotify.com/v1/audio-analysis/48DKpTEVJ2pAjxQbWTad3q', 'duration_ms': 187973, 'time_signature': 4}",0.444,0.819,10,-4.078,0,0.341,0.106,0.0,0.107,0.747,82.695
Three Empty Words,1Tt5Leqvv6OawH2jth05Rw,Illuminate (Deluxe),Shawn Mendes,"{'danceability': 0.615, 'energy': 0.414, 'key': 7, 'loudness': -9.826, 'mode': 1, 'speechiness': 0.0304, 'acousticness': 0.798, 'instrumentalness': 0, 'liveness': 0.135, 'valence': 0.536, 'tempo': 95.776, 'type': 'audio_features', 'id': '1Tt5Leqvv6OawH2jth05Rw', 'uri': 'spotify:track:1Tt5Leqvv6OawH2jth05Rw', 'track_href': 'https://api.spotify.com/v1/tracks/1Tt5Leqvv6OawH2jth05Rw', 'analysis_url': 'https://api.spotify.com/v1/audio-analysis/1Tt5Leqvv6OawH2jth05Rw', 'duration_ms': 199013, 'time_signature': 4}",0.615,0.414,7,-9.826,1,0.0304,0.798,0.0,0.135,0.536,95.776
Don't Be A Fool,7msCKNrI0vZw9H4MIgLnAh,Illuminate (Deluxe),Shawn Mendes,"{'danceability': 0.473, 'energy': 0.339, 'key': 11, 'loudness': -6.039, 'mode': 0, 'speechiness': 0.0364, 'acousticness': 0.596, 'instrumentalness': 0, 'liveness': 0.103, 'valence': 0.265, 'tempo': 175.264, 'type': 'audio_features', 'id': '7msCKNrI0vZw9H4MIgLnAh', 'uri': 'spotify:track:7msCKNrI0vZw9H4MIgLnAh', 'track_href': 'https://api.spotify.com/v1/tracks/7msCKNrI0vZw9H4MIgLnAh', 'analysis_url': 'https://api.spotify.com/v1/audio-analysis/7msCKNrI0vZw9H4MIgLnAh', 'duration_ms': 215773, 'time_signature': 3}",0.473,0.339,11,-6.039,0,0.0364,0.596,0.0,0.103,0.265,175.264
Like This,3Qwd9wK176KgmorU7fCW6S,Illuminate (Deluxe),Shawn Mendes,"{'danceability': 0.546, 'energy': 0.433, 'key': 10, 'loudness': -7.894, 'mode': 1, 'speechiness': 0.0935, 'acousticness': 0.809, 'instrumentalness': 0, 'liveness': 0.122, 'valence': 0.249, 'tempo': 77.397, 'type': 'audio_features', 'id': '3Qwd9wK176KgmorU7fCW6S', 'uri': 'spotify:track:3Qwd9wK176KgmorU7fCW6S', 'track_href': 'https://api.spotify.com/v1/tracks/3Qwd9wK176KgmorU7fCW6S', 'analysis_url': 'https://api.spotify.com/v1/audio-analysis/3Qwd9wK176KgmorU7fCW6S', 'duration_ms': 186947, 'time_signature': 3}",0.546,0.433,10,-7.894,1,0.0935,0.809,0.0,0.122,0.249,77.397
No Promises,3gnDoaJUgD9Bblzld77Kcp,Illuminate (Deluxe),Shawn Mendes,"{'danceability': 0.619, 'energy': 0.621, 'key': 4, 'loudness': -6.763, 'mode': 0, 'speechiness': 0.082, 'acousticness': 0.322, 'instrumentalness': 0, 'liveness': 0.188, 'valence': 0.466, 'tempo': 101.992, 'type': 'audio_features', 'id': '3gnDoaJUgD9Bblzld77Kcp', 'uri': 'spotify:track:3gnDoaJUgD9Bblzld77Kcp', 'track_href': 'https://api.spotify.com/v1/tracks/3gnDoaJUgD9Bblzld77Kcp', 'analysis_url': 'https://api.spotify.com/v1/audio-analysis/3gnDoaJUgD9Bblzld77Kcp', 'duration_ms': 166053, 'time_signature': 4}",0.619,0.621,4,-6.763,0,0.082,0.322,0.0,0.188,0.466,101.992
Lights On,348cSuo1eooBe21AzdjAqy,Illuminate (Deluxe),Shawn Mendes,"{'danceability': 0.706, 'energy': 0.575, 'key': 9, 'loudness': -6.353, 'mode': 1, 'speechiness': 0.0648, 'acousticness': 0.425, 'instrumentalness': 0, 'liveness': 0.122, 'valence': 0.554, 'tempo': 90.887, 'type': 'audio_features', 'id': '348cSuo1eooBe21AzdjAqy', 'uri': 'spotify:track:348cSuo1eooBe21AzdjAqy', 'track_href': 'https://api.spotify.com/v1/tracks/348cSuo1eooBe21AzdjAqy', 'analysis_url': 'https://api.spotify.com/v1/audio-analysis/348cSuo1eooBe21AzdjAqy', 'duration_ms': 201440, 'time_signature': 4}",0.706,0.575,9,-6.353,1,0.0648,0.425,0.0,0.122,0.554,90.887
Honest,64GT5ReOko7xx6Nc7D8JsS,Illuminate (Deluxe),Shawn Mendes,"{'danceability': 0.821, 'energy': 0.601, 'key': 9, 'loudness': -6.249, 'mode': 1, 'speechiness': 0.0626, 'acousticness': 0.249, 'instrumentalness': 0, 'liveness': 0.0637, 'valence': 0.712, 'tempo': 116.965, 'type': 'audio_features', 'id': '64GT5ReOko7xx6Nc7D8JsS', 'uri': 'spotify:track:64GT5ReOko7xx6Nc7D8JsS', 'track_href': 'https://api.spotify.com/v1/tracks/64GT5ReOko7xx6Nc7D8JsS', 'analysis_url': 'https://api.spotify.com/v1/audio-analysis/64GT5ReOko7xx6Nc7D8JsS', 'duration_ms': 199187, 'time_signature': 4}",0.821,0.601,9,-6.249,1,0.0626,0.249,0.0,0.0637,0.712,116.965
Patience,0JZ9lcwFcAscMpy1YxUtpW,Illuminate (Deluxe),Shawn Mendes,"{'danceability': 0.553, 'energy': 0.571, 'key': 3, 'loudness': -6.345, 'mode': 1, 'speechiness': 0.2, 'acousticness': 0.107, 'instrumentalness': 0, 'liveness': 0.111, 'valence': 0.443, 'tempo': 179.848, 'type': 'audio_features', 'id': '0JZ9lcwFcAscMpy1YxUtpW', 'uri': 'spotify:track:0JZ9lcwFcAscMpy1YxUtpW', 'track_href': 'https://api.spotify.com/v1/tracks/0JZ9lcwFcAscMpy1YxUtpW', 'analysis_url': 'https://api.spotify.com/v1/audio-analysis/0JZ9lcwFcAscMpy1YxUtpW', 'duration_ms': 175253, 'time_signature': 4}",0.553,0.571,3,-6.345,1,0.2,0.107,0.0,0.111,0.443,179.848
Bad Reputation,3SBAb63Bjv98ZqfAvP9aK8,Illuminate (Deluxe),Shawn Mendes,"{'danceability': 0.413, 'energy': 0.697, 'key': 11, 'loudness': -5.823, 'mode': 0, 'speechiness': 0.188, 'acousticness': 0.229, 'instrumentalness': 0, 'liveness': 0.256, 'valence': 0.332, 'tempo': 150.047, 'type': 'audio_features', 'id': '3SBAb63Bjv98ZqfAvP9aK8', 'uri': 'spotify:track:3SBAb63Bjv98ZqfAvP9aK8', 'track_href': 'https://api.spotify.com/v1/tracks/3SBAb63Bjv98ZqfAvP9aK8', 'analysis_url': 'https://api.spotify.com/v1/audio-analysis/3SBAb63Bjv98ZqfAvP9aK8', 'duration_ms': 198227, 'time_signature': 3}",0.413,0.697,11,-5.823,0,0.188,0.229,0.0,0.256,0.332,150.047
Understand,4IiHCtnfw8tZasAeocWqVe,Illuminate (Deluxe),Shawn Mendes,"{'danceability': 0.613, 'energy': 0.616, 'key': 0, 'loudness': -6.33, 'mode': 1, 'speechiness': 0.39, 'acousticness': 0.355, 'instrumentalness': 0, 'liveness': 0.099, 'valence': 0.102, 'tempo': 78.996, 'type': 'audio_features', 'id': '4IiHCtnfw8tZasAeocWqVe', 'uri': 'spotify:track:4IiHCtnfw8tZasAeocWqVe', 'track_href': 'https://api.spotify.com/v1/tracks/4IiHCtnfw8tZasAeocWqVe', 'analysis_url': 'https://api.spotify.com/v1/audio-analysis/4IiHCtnfw8tZasAeocWqVe', 'duration_ms': 300973, 'time_signature': 4}",0.613,0.616,0,-6.33,1,0.39,0.355,0.0,0.099,0.102,78.996
Hold On,66P8MvPsqu5sN0UgzLYZrf,Illuminate (Deluxe),Shawn Mendes,"{'danceability': 0.56, 'energy': 0.275, 'key': 1, 'loudness': -8.599, 'mode': 1, 'speechiness': 0.0354, 'acousticness': 0.745, 'instrumentalness': 0, 'liveness': 0.164, 'valence': 0.388, 'tempo': 132.51, 'type': 'audio_features', 'id': '66P8MvPsqu5sN0UgzLYZrf', 'uri': 'spotify:track:66P8MvPsqu5sN0UgzLYZrf', 'track_href': 'https://api.spotify.com/v1/tracks/66P8MvPsqu5sN0UgzLYZrf', 'analysis_url': 'https://api.spotify.com/v1/audio-analysis/66P8MvPsqu5sN0UgzLYZrf', 'duration_ms': 199547, 'time_signature': 5}",0.56,0.275,1,-8.599,1,0.0354,0.745,0.0,0.164,0.388,132.51
Roses,4uzUuDjoufcBXYZ27CsLIF,Illuminate (Deluxe),Shawn Mendes,"{'danceability': 0.611, 'energy': 0.489, 'key': 0, 'loudness': -6.771, 'mode': 1, 'speechiness': 0.0343, 'acousticness': 0.4, 'instrumentalness': 0, 'liveness': 0.117, 'valence': 0.267, 'tempo': 78.145, 'type': 'audio_features', 'id': '4uzUuDjoufcBXYZ27CsLIF', 'uri': 'spotify:track:4uzUuDjoufcBXYZ27CsLIF', 'track_href': 'https://api.spotify.com/v1/tracks/4uzUuDjoufcBXYZ27CsLIF', 'analysis_url': 'https://api.spotify.com/v1/audio-analysis/4uzUuDjoufcBXYZ27CsLIF', 'duration_ms': 232200, 'time_signature': 4}",0.611,0.489,0,-6.771,1,0.0343,0.4,0.0,0.117,0.267,78.145
Mercy - Acoustic,0uZnF1sn2IcNCvnyAIKNMQ,Illuminate (Deluxe),Shawn Mendes,"{'danceability': 0.458, 'energy': 0.347, 'key': 11, 'loudness': -6.651, 'mode': 0, 'speechiness': 0.0381, 'acousticness': 0.712, 'instrumentalness': 0, 'liveness': 0.11, 'valence': 0.431, 'tempo': 78.928, 'type': 'audio_features', 'id': '0uZnF1sn2IcNCvnyAIKNMQ', 'uri': 'spotify:track:0uZnF1sn2IcNCvnyAIKNMQ', 'track_href': 'https://api.spotify.com/v1/tracks/0uZnF1sn2IcNCvnyAIKNMQ', 'analysis_url': 'https://api.spotify.com/v1/audio-analysis/0uZnF1sn2IcNCvnyAIKNMQ', 'duration_ms': 219160, 'time_signature': 4}",0.458,0.347,11,-6.651,0,0.0381,0.712,0.0,0.11,0.431,78.928
Life Of The Party,6X9jRxp5WT079qyQC0JEei,Handwritten (Deluxe),Shawn Mendes,"{'danceability': 0.667, 'energy': 0.614, 'key': 10, 'loudness': -4.995, 'mode': 1, 'speechiness': 0.0314, 'acousticness': 0.0663, 'instrumentalness': 0, 'liveness': 0.111, 'valence': 0.161, 'tempo': 113.979, 'type': 'audio_features', 'id': '6X9jRxp5WT079qyQC0JEei', 'uri': 'spotify:track:6X9jRxp5WT079qyQC0JEei', 'track_href': 'https://api.spotify.com/v1/tracks/6X9jRxp5WT079qyQC0JEei', 'analysis_url': 'https://api.spotify.com/v1/audio-analysis/6X9jRxp5WT079qyQC0JEei', 'duration_ms': 214533, 'time_signature': 4}",0.667,0.614,10,-4.995,1,0.0314,0.0663,0.0,0.111,0.161,113.979
Stitches,4dLMVmmQC74C4p3AWdwhff,Handwritten (Deluxe),Shawn Mendes,"{'danceability': 0.746, 'energy': 0.754, 'key': 1, 'loudness': -6.681, 'mode': 1, 'speechiness': 0.067, 'acousticness': 0.0152, 'instrumentalness': 0, 'liveness': 0.0486, 'valence': 0.764, 'tempo': 149.882, 'type': 'audio_features', 'id': '4dLMVmmQC74C4p3AWdwhff', 'uri': 'spotify:track:4dLMVmmQC74C4p3AWdwhff', 'track_href': 'https://api.spotify.com/v1/tracks/4dLMVmmQC74C4p3AWdwhff', 'analysis_url': 'https://api.spotify.com/v1/audio-analysis/4dLMVmmQC74C4p3AWdwhff', 'duration_ms': 206880, 'time_signature': 4}",0.746,0.754,1,-6.681,1,0.067,0.0152,0.0,0.0486,0.764,149.882
Never Be Alone,4iB4S4aVAJw8Bs2GQ2ntdI,Handwritten (Deluxe),Shawn Mendes,"{'danceability': 0.376, 'energy': 0.466, 'key': 10, 'loudness': -6.927, 'mode': 1, 'speechiness': 0.0353, 'acousticness': 0.514, 'instrumentalness': 5.8e-05, 'liveness': 0.0781, 'valence': 0.276, 'tempo': 199.835, 'type': 'audio_features', 'id': '4iB4S4aVAJw8Bs2GQ2ntdI', 'uri': 'spotify:track:4iB4S4aVAJw8Bs2GQ2ntdI', 'track_href': 'https://api.spotify.com/v1/tracks/4iB4S4aVAJw8Bs2GQ2ntdI', 'analysis_url': 'https://api.spotify.com/v1/audio-analysis/4iB4S4aVAJw8Bs2GQ2ntdI', 'duration_ms': 215813, 'time_signature': 4}",0.376,0.466,10,-6.927,1,0.0353,0.514,5.8e-05,0.0781,0.276,199.835
Kid In Love,457TkUgKq0FJ4Fk8HOnaVf,Handwritten (Deluxe),Shawn Mendes,"{'danceability': 0.625, 'energy': 0.598, 'key': 7, 'loudness': -7.085, 'mode': 1, 'speechiness': 0.0336, 'acousticness': 0.0271, 'instrumentalness': 0, 'liveness': 0.15, 'valence': 0.369, 'tempo': 85.011, 'type': 'audio_features', 'id': '457TkUgKq0FJ4Fk8HOnaVf', 'uri': 'spotify:track:457TkUgKq0FJ4Fk8HOnaVf', 'track_href': 'https://api.spotify.com/v1/tracks/457TkUgKq0FJ4Fk8HOnaVf', 'analysis_url': 'https://api.spotify.com/v1/audio-analysis/457TkUgKq0FJ4Fk8HOnaVf', 'duration_ms': 225827, 'time_signature': 4}",0.625,0.598,7,-7.085,1,0.0336,0.0271,0.0,0.15,0.369,85.011
I Don't Even Know Your Name,4lg1urGa0mNBGkfKT2jStu,Handwritten (Deluxe),Shawn Mendes,"{'danceability': 0.626, 'energy': 0.524, 'key': 3, 'loudness': -5.944, 'mode': 1, 'speechiness': 0.0422, 'acousticness': 0.0127, 'instrumentalness': 0, 'liveness': 0.099, 'valence': 0.56, 'tempo': 84.865, 'type': 'audio_features', 'id': '4lg1urGa0mNBGkfKT2jStu', 'uri': 'spotify:track:4lg1urGa0mNBGkfKT2jStu', 'track_href': 'https://api.spotify.com/v1/tracks/4lg1urGa0mNBGkfKT2jStu', 'analysis_url': 'https://api.spotify.com/v1/audio-analysis/4lg1urGa0mNBGkfKT2jStu', 'duration_ms': 180400, 'time_signature': 4}",0.626,0.524,3,-5.944,1,0.0422,0.0127,0.0,0.099,0.56,84.865
Something Big,060xmC5Tr7AVfT1ew9OHSB,Handwritten (Deluxe),Shawn Mendes,"{'danceability': 0.694, 'energy': 0.854, 'key': 7, 'loudness': -3.891, 'mode': 0, 'speechiness': 0.043, 'acousticness': 0.00614, 'instrumentalness': 0, 'liveness': 0.158, 'valence': 0.803, 'tempo': 112.007, 'type': 'audio_features', 'id': '060xmC5Tr7AVfT1ew9OHSB', 'uri': 'spotify:track:060xmC5Tr7AVfT1ew9OHSB', 'track_href': 'https://api.spotify.com/v1/tracks/060xmC5Tr7AVfT1ew9OHSB', 'analysis_url': 'https://api.spotify.com/v1/audio-analysis/060xmC5Tr7AVfT1ew9OHSB', 'duration_ms': 161440, 'time_signature': 4}",0.694,0.854,7,-3.891,0,0.043,0.00614,0.0,0.158,0.803,112.007
Strings,2THF5ECxAXorWXyTHx4Xvn,Handwritten (Deluxe),Shawn Mendes,"{'danceability': 0.664, 'energy': 0.729, 'key': 8, 'loudness': -5.007, 'mode': 0, 'speechiness': 0.0533, 'acousticness': 0.00221, 'instrumentalness': 0, 'liveness': 0.251, 'valence': 0.685, 'tempo': 77.992, 'type': 'audio_features', 'id': '2THF5ECxAXorWXyTHx4Xvn', 'uri': 'spotify:track:2THF5ECxAXorWXyTHx4Xvn', 'track_href': 'https://api.spotify.com/v1/tracks/2THF5ECxAXorWXyTHx4Xvn', 'analysis_url': 'https://api.spotify.com/v1/audio-analysis/2THF5ECxAXorWXyTHx4Xvn', 'duration_ms': 190773, 'time_signature': 4}",0.664,0.729,8,-5.007,0,0.0533,0.00221,0.0,0.251,0.685,77.992
Aftertaste,4mT5m1qC5t0JxmSHmBqgcM,Handwritten (Deluxe),Shawn Mendes,"{'danceability': 0.637, 'energy': 0.509, 'key': 1, 'loudness': -5.926, 'mode': 1, 'speechiness': 0.0346, 'acousticness': 0.000323, 'instrumentalness': 0, 'liveness': 0.0938, 'valence': 0.306, 'tempo': 111.805, 'type': 'audio_features', 'id': '4mT5m1qC5t0JxmSHmBqgcM', 'uri': 'spotify:track:4mT5m1qC5t0JxmSHmBqgcM', 'track_href': 'https://api.spotify.com/v1/tracks/4mT5m1qC5t0JxmSHmBqgcM', 'analysis_url': 'https://api.spotify.com/v1/audio-analysis/4mT5m1qC5t0JxmSHmBqgcM', 'duration_ms': 169573, 'time_signature': 4}",0.637,0.509,1,-5.926,1,0.0346,0.000323,0.0,0.0938,0.306,111.805
Air,2hI96mj9iIHNfqCCozP2q3,Handwritten (Deluxe),Shawn Mendes,"{'danceability': 0.758, 'energy': 0.501, 'key': 0, 'loudness': -7.051, 'mode': 1, 'speechiness': 0.0589, 'acousticness': 0.252, 'instrumentalness': 0, 'liveness': 0.191, 'valence': 0.397, 'tempo': 78.042, 'type': 'audio_features', 'id': '2hI96mj9iIHNfqCCozP2q3', 'uri': 'spotify:track:2hI96mj9iIHNfqCCozP2q3', 'track_href': 'https://api.spotify.com/v1/tracks/2hI96mj9iIHNfqCCozP2q3', 'analysis_url': 'https://api.spotify.com/v1/audio-analysis/2hI96mj9iIHNfqCCozP2q3', 'duration_ms': 194147, 'time_signature': 4}",0.758,0.501,0,-7.051,1,0.0589,0.252,0.0,0.191,0.397,78.042
Crazy,1xLfyeaBmUKmpdY2WIBPmZ,Handwritten (Deluxe),Shawn Mendes,"{'danceability': 0.434, 'energy': 0.266, 'key': 4, 'loudness': -8.824, 'mode': 1, 'speechiness': 0.0364, 'acousticness': 0.613, 'instrumentalness': 0, 'liveness': 0.109, 'valence': 0.284, 'tempo': 157.334, 'type': 'audio_features', 'id': '1xLfyeaBmUKmpdY2WIBPmZ', 'uri': 'spotify:track:1xLfyeaBmUKmpdY2WIBPmZ', 'track_href': 'https://api.spotify.com/v1/tracks/1xLfyeaBmUKmpdY2WIBPmZ', 'analysis_url': 'https://api.spotify.com/v1/audio-analysis/1xLfyeaBmUKmpdY2WIBPmZ', 'duration_ms': 191800, 'time_signature': 4}",0.434,0.266,4,-8.824,1,0.0364,0.613,0.0,0.109,0.284,157.334
A Little Too Much,0VbknmFhd5lBUBMqYSBKJS,Handwritten (Deluxe),Shawn Mendes,"{'danceability': 0.553, 'energy': 0.507, 'key': 11, 'loudness': -6.24, 'mode': 1, 'speechiness': 0.0304, 'acousticness': 0.473, 'instrumentalness': 0, 'liveness': 0.108, 'valence': 0.57, 'tempo': 83.093, 'type': 'audio_features', 'id': '0VbknmFhd5lBUBMqYSBKJS', 'uri': 'spotify:track:0VbknmFhd5lBUBMqYSBKJS', 'track_href': 'https://api.spotify.com/v1/tracks/0VbknmFhd5lBUBMqYSBKJS', 'analysis_url': 'https://api.spotify.com/v1/audio-analysis/0VbknmFhd5lBUBMqYSBKJS', 'duration_ms': 187027, 'time_signature': 4}",0.553,0.507,11,-6.24,1,0.0304,0.473,0.0,0.108,0.57,83.093
This Is What It Takes,757T90z5XdtaPetOxMY4wv,Handwritten (Deluxe),Shawn Mendes,"{'danceability': 0.491, 'energy': 0.324, 'key': 0, 'loudness': -6.703, 'mode': 1, 'speechiness': 0.0315, 'acousticness': 0.384, 'instrumentalness': 0, 'liveness': 0.119, 'valence': 0.324, 'tempo': 81.901, 'type': 'audio_features', 'id': '757T90z5XdtaPetOxMY4wv', 'uri': 'spotify:track:757T90z5XdtaPetOxMY4wv', 'track_href': 'https://api.spotify.com/v1/tracks/757T90z5XdtaPetOxMY4wv', 'analysis_url': 'https://api.spotify.com/v1/audio-analysis/757T90z5XdtaPetOxMY4wv', 'duration_ms': 230440, 'time_signature': 4}",0.491,0.324,0,-6.703,1,0.0315,0.384,0.0,0.119,0.324,81.901
Bring It Back,5Ly1ifwG61OwJwR06BWRoF,Handwritten (Deluxe),Shawn Mendes,"{'danceability': 0.466, 'energy': 0.448, 'key': 11, 'loudness': -7.173, 'mode': 0, 'speechiness': 0.0327, 'acousticness': 0.158, 'instrumentalness': 0, 'liveness': 0.127, 'valence': 0.27, 'tempo': 79.306, 'type': 'audio_features', 'id': '5Ly1ifwG61OwJwR06BWRoF', 'uri': 'spotify:track:5Ly1ifwG61OwJwR06BWRoF', 'track_href': 'https://api.spotify.com/v1/tracks/5Ly1ifwG61OwJwR06BWRoF', 'analysis_url': 'https://api.spotify.com/v1/audio-analysis/5Ly1ifwG61OwJwR06BWRoF', 'duration_ms': 159787, 'time_signature': 4}",0.466,0.448,11,-7.173,0,0.0327,0.158,0.0,0.127,0.27,79.306
Imagination,21TcDbGosp7w9YhTjOszgA,Handwritten (Deluxe),Shawn Mendes,"{'danceability': 0.481, 'energy': 0.455, 'key': 0, 'loudness': -5.942, 'mode': 1, 'speechiness': 0.0286, 'acousticness': 0.0743, 'instrumentalness': 0, 'liveness': 0.0694, 'valence': 0.333, 'tempo': 179.468, 'type': 'audio_features', 'id': '21TcDbGosp7w9YhTjOszgA', 'uri': 'spotify:track:21TcDbGosp7w9YhTjOszgA', 'track_href': 'https://api.spotify.com/v1/tracks/21TcDbGosp7w9YhTjOszgA', 'analysis_url': 'https://api.spotify.com/v1/audio-analysis/21TcDbGosp7w9YhTjOszgA', 'duration_ms': 217773, 'time_signature': 4}",0.481,0.455,0,-5.942,1,0.0286,0.0743,0.0,0.0694,0.333,179.468
The Weight,3Mi8mCnvcBPdiPgmHYWEow,Handwritten (Deluxe),Shawn Mendes,"{'danceability': 0.475, 'energy': 0.496, 'key': 10, 'loudness': -6.948, 'mode': 1, 'speechiness': 0.0384, 'acousticness': 0.416, 'instrumentalness': 0, 'liveness': 0.0942, 'valence': 0.329, 'tempo': 111.13, 'type': 'audio_features', 'id': '3Mi8mCnvcBPdiPgmHYWEow', 'uri': 'spotify:track:3Mi8mCnvcBPdiPgmHYWEow', 'track_href': 'https://api.spotify.com/v1/tracks/3Mi8mCnvcBPdiPgmHYWEow', 'analysis_url': 'https://api.spotify.com/v1/audio-analysis/3Mi8mCnvcBPdiPgmHYWEow', 'duration_ms': 183467, 'time_signature': 4}",0.475,0.496,10,-6.948,1,0.0384,0.416,0.0,0.0942,0.329,111.13
I Know What You Did Last Summer,6PV4WEddnan8wN6b7pjznI,Handwritten (Deluxe),Shawn Mendes,"{'danceability': 0.668, 'energy': 0.762, 'key': 9, 'loudness': -4.58, 'mode': 0, 'speechiness': 0.105, 'acousticness': 0.1, 'instrumentalness': 0, 'liveness': 0.139, 'valence': 0.746, 'tempo': 113.878, 'type': 'audio_features', 'id': '6PV4WEddnan8wN6b7pjznI', 'uri': 'spotify:track:6PV4WEddnan8wN6b7pjznI', 'track_href': 'https://api.spotify.com/v1/tracks/6PV4WEddnan8wN6b7pjznI', 'analysis_url': 'https://api.spotify.com/v1/audio-analysis/6PV4WEddnan8wN6b7pjznI', 'duration_ms': 223853, 'time_signature': 4}",0.668,0.762,9,-4.58,0,0.105,0.1,0.0,0.139,0.746,113.878
The Way I Am,6qNALlmZa1ESnCxJmXE1K9,Voicenotes,Charlie Puth,"{'danceability': 0.755, 'energy': 0.769, 'key': 10, 'loudness': -5.658, 'mode': 0, 'speechiness': 0.186, 'acousticness': 0.314, 'instrumentalness': 2.38e-06, 'liveness': 0.0628, 'valence': 0.642, 'tempo': 114.966, 'type': 'audio_features', 'id': '6qNALlmZa1ESnCxJmXE1K9', 'uri': 'spotify:track:6qNALlmZa1ESnCxJmXE1K9', 'track_href': 'https://api.spotify.com/v1/tracks/6qNALlmZa1ESnCxJmXE1K9', 'analysis_url': 'https://api.spotify.com/v1/audio-analysis/6qNALlmZa1ESnCxJmXE1K9', 'duration_ms': 186080, 'time_signature': 4}",0.755,0.769,10,-5.658,0,0.186,0.314,2.38e-06,0.0628,0.642,114.966
Attention,5cF0dROlMOK5uNZtivgu50,Voicenotes,Charlie Puth,"{'danceability': 0.775, 'energy': 0.613, 'key': 3, 'loudness': -4.586, 'mode': 0, 'speechiness': 0.0542, 'acousticness': 0.109, 'instrumentalness': 2.33e-05, 'liveness': 0.134, 'valence': 0.797, 'tempo': 100.066, 'type': 'audio_features', 'id': '5cF0dROlMOK5uNZtivgu50', 'uri': 'spotify:track:5cF0dROlMOK5uNZtivgu50', 'track_href': 'https://api.spotify.com/v1/tracks/5cF0dROlMOK5uNZtivgu50', 'analysis_url': 'https://api.spotify.com/v1/audio-analysis/5cF0dROlMOK5uNZtivgu50', 'duration_ms': 208787, 'time_signature': 4}",0.775,0.613,3,-4.586,0,0.0542,0.109,2.33e-05,0.134,0.797,100.066
LA Girls,6pQadiopoIsS4x78tjSkJt,Voicenotes,Charlie Puth,"{'danceability': 0.869, 'energy': 0.642, 'key': 8, 'loudness': -5.03, 'mode': 0, 'speechiness': 0.0367, 'acousticness': 0.359, 'instrumentalness': 1.42e-06, 'liveness': 0.0694, 'valence': 0.917, 'tempo': 99.992, 'type': 'audio_features', 'id': '6pQadiopoIsS4x78tjSkJt', 'uri': 'spotify:track:6pQadiopoIsS4x78tjSkJt', 'track_href': 'https://api.spotify.com/v1/tracks/6pQadiopoIsS4x78tjSkJt', 'analysis_url': 'https://api.spotify.com/v1/audio-analysis/6pQadiopoIsS4x78tjSkJt', 'duration_ms': 197107, 'time_signature': 4}",0.869,0.642,8,-5.03,0,0.0367,0.359,1.42e-06,0.0694,0.917,99.992
How Long,6wmAHw1szh5RCKSRjiXhPe,Voicenotes,Charlie Puth,"{'danceability': 0.845, 'energy': 0.561, 'key': 1, 'loudness': -5.253, 'mode': 0, 'speechiness': 0.0778, 'acousticness': 0.211, 'instrumentalness': 3.49e-06, 'liveness': 0.0383, 'valence': 0.811, 'tempo': 109.974, 'type': 'audio_features', 'id': '6wmAHw1szh5RCKSRjiXhPe', 'uri': 'spotify:track:6wmAHw1szh5RCKSRjiXhPe', 'track_href': 'https://api.spotify.com/v1/tracks/6wmAHw1szh5RCKSRjiXhPe', 'analysis_url': 'https://api.spotify.com/v1/audio-analysis/6wmAHw1szh5RCKSRjiXhPe', 'duration_ms': 200853, 'time_signature': 4}",0.845,0.561,1,-5.253,0,0.0778,0.211,3.49e-06,0.0383,0.811,109.974
Done For Me (feat. Kehlani),1lsBTdE6MGsKeZCD6llNu7,Voicenotes,Charlie Puth,"{'danceability': 0.856, 'energy': 0.632, 'key': 6, 'loudness': -3.692, 'mode': 0, 'speechiness': 0.074, 'acousticness': 0.193, 'instrumentalness': 0, 'liveness': 0.0688, 'valence': 0.697, 'tempo': 112.009, 'type': 'audio_features', 'id': '1lsBTdE6MGsKeZCD6llNu7', 'uri': 'spotify:track:1lsBTdE6MGsKeZCD6llNu7', 'track_href': 'https://api.spotify.com/v1/tracks/1lsBTdE6MGsKeZCD6llNu7', 'analysis_url': 'https://api.spotify.com/v1/audio-analysis/1lsBTdE6MGsKeZCD6llNu7', 'duration_ms': 180493, 'time_signature': 4}",0.856,0.632,6,-3.692,0,0.074,0.193,0.0,0.0688,0.697,112.009
Patient,2ZrHbO88rM6Ijeg0aJmSzl,Voicenotes,Charlie Puth,"{'danceability': 0.675, 'energy': 0.604, 'key': 1, 'loudness': -6.266, 'mode': 1, 'speechiness': 0.193, 'acousticness': 0.752, 'instrumentalness': 0, 'liveness': 0.111, 'valence': 0.456, 'tempo': 168.034, 'type': 'audio_features', 'id': '2ZrHbO88rM6Ijeg0aJmSzl', 'uri': 'spotify:track:2ZrHbO88rM6Ijeg0aJmSzl', 'track_href': 'https://api.spotify.com/v1/tracks/2ZrHbO88rM6Ijeg0aJmSzl', 'analysis_url': 'https://api.spotify.com/v1/audio-analysis/2ZrHbO88rM6Ijeg0aJmSzl', 'duration_ms': 190533, 'time_signature': 4}",0.675,0.604,1,-6.266,1,0.193,0.752,0.0,0.111,0.456,168.034
If You Leave Me Now (feat. Boyz II Men),5QLAHKawoQwVRNf1waaVW7,Voicenotes,Charlie Puth,"{'danceability': 0.362, 'energy': 0.268, 'key': 6, 'loudness': -7.757, 'mode': 0, 'speechiness': 0.0399, 'acousticness': 0.909, 'instrumentalness': 0, 'liveness': 0.15, 'valence': 0.394, 'tempo': 81.912, 'type': 'audio_features', 'id': '5QLAHKawoQwVRNf1waaVW7', 'uri': 'spotify:track:5QLAHKawoQwVRNf1waaVW7', 'track_href': 'https://api.spotify.com/v1/tracks/5QLAHKawoQwVRNf1waaVW7', 'analysis_url': 'https://api.spotify.com/v1/audio-analysis/5QLAHKawoQwVRNf1waaVW7', 'duration_ms': 243160, 'time_signature': 4}",0.362,0.268,6,-7.757,0,0.0399,0.909,0.0,0.15,0.394,81.912
BOY,7aSvPfoqiM0zwPqupLGaHd,Voicenotes,Charlie Puth,"{'danceability': 0.725, 'energy': 0.77, 'key': 1, 'loudness': -6.24, 'mode': 1, 'speechiness': 0.0539, 'acousticness': 0.149, 'instrumentalness': 2.17e-05, 'liveness': 0.0641, 'valence': 0.647, 'tempo': 93.009, 'type': 'audio_features', 'id': '7aSvPfoqiM0zwPqupLGaHd', 'uri': 'spotify:track:7aSvPfoqiM0zwPqupLGaHd', 'track_href': 'https://api.spotify.com/v1/tracks/7aSvPfoqiM0zwPqupLGaHd', 'analysis_url': 'https://api.spotify.com/v1/audio-analysis/7aSvPfoqiM0zwPqupLGaHd', 'duration_ms': 263413, 'time_signature': 4}",0.725,0.77,1,-6.24,1,0.0539,0.149,2.17e-05,0.0641,0.647,93.009
Slow It Down,6TapyDFlRUlZ4cmIaqJx4k,Voicenotes,Charlie Puth,"{'danceability': 0.733, 'energy': 0.754, 'key': 0, 'loudness': -3.392, 'mode': 0, 'speechiness': 0.0593, 'acousticness': 0.264, 'instrumentalness': 0, 'liveness': 0.131, 'valence': 0.849, 'tempo': 115.024, 'type': 'audio_features', 'id': '6TapyDFlRUlZ4cmIaqJx4k', 'uri': 'spotify:track:6TapyDFlRUlZ4cmIaqJx4k', 'track_href': 'https://api.spotify.com/v1/tracks/6TapyDFlRUlZ4cmIaqJx4k', 'analysis_url': 'https://api.spotify.com/v1/audio-analysis/6TapyDFlRUlZ4cmIaqJx4k', 'duration_ms': 190053, 'time_signature': 4}",0.733,0.754,0,-3.392,0,0.0593,0.264,0.0,0.131,0.849,115.024
Change (feat. James Taylor),17RMnDmv5CEo3s0tmipRyb,Voicenotes,Charlie Puth,"{'danceability': 0.502, 'energy': 0.413, 'key': 4, 'loudness': -7.373, 'mode': 1, 'speechiness': 0.039, 'acousticness': 0.872, 'instrumentalness': 0, 'liveness': 0.213, 'valence': 0.474, 'tempo': 175.507, 'type': 'audio_features', 'id': '17RMnDmv5CEo3s0tmipRyb', 'uri': 'spotify:track:17RMnDmv5CEo3s0tmipRyb', 'track_href': 'https://api.spotify.com/v1/tracks/17RMnDmv5CEo3s0tmipRyb', 'analysis_url': 'https://api.spotify.com/v1/audio-analysis/17RMnDmv5CEo3s0tmipRyb', 'duration_ms': 217560, 'time_signature': 4}",0.502,0.413,4,-7.373,1,0.039,0.872,0.0,0.213,0.474,175.507
Somebody Told Me,1PuQTv1Kr1gzLgVeATSuh6,Voicenotes,Charlie Puth,"{'danceability': 0.592, 'energy': 0.839, 'key': 1, 'loudness': -4.944, 'mode': 0, 'speechiness': 0.0564, 'acousticness': 0.101, 'instrumentalness': 0, 'liveness': 0.0528, 'valence': 0.457, 'tempo': 168.501, 'type': 'audio_features', 'id': '1PuQTv1Kr1gzLgVeATSuh6', 'uri': 'spotify:track:1PuQTv1Kr1gzLgVeATSuh6', 'track_href': 'https://api.spotify.com/v1/tracks/1PuQTv1Kr1gzLgVeATSuh6', 'analysis_url': 'https://api.spotify.com/v1/audio-analysis/1PuQTv1Kr1gzLgVeATSuh6', 'duration_ms': 216053, 'time_signature': 4}",0.592,0.839,1,-4.944,0,0.0564,0.101,0.0,0.0528,0.457,168.501
Empty Cups,7k7JKDjCd9zuL0iF7iWaNs,Voicenotes,Charlie Puth,"{'danceability': 0.77, 'energy': 0.555, 'key': 4, 'loudness': -6.361, 'mode': 1, 'speechiness': 0.0754, 'acousticness': 0.224, 'instrumentalness': 1.78e-06, 'liveness': 0.0754, 'valence': 0.776, 'tempo': 100.035, 'type': 'audio_features', 'id': '7k7JKDjCd9zuL0iF7iWaNs', 'uri': 'spotify:track:7k7JKDjCd9zuL0iF7iWaNs', 'track_href': 'https://api.spotify.com/v1/tracks/7k7JKDjCd9zuL0iF7iWaNs', 'analysis_url': 'https://api.spotify.com/v1/audio-analysis/7k7JKDjCd9zuL0iF7iWaNs', 'duration_ms': 170947, 'time_signature': 4}",0.77,0.555,4,-6.361,1,0.0754,0.224,1.78e-06,0.0754,0.776,100.035
Through It All,4jgF1sLf3TkQbZkLHsc6SI,Voicenotes,Charlie Puth,"{'danceability': 0.562, 'energy': 0.383, 'key': 4, 'loudness': -8.54, 'mode': 1, 'speechiness': 0.0356, 'acousticness': 0.762, 'instrumentalness': 0, 'liveness': 0.0775, 'valence': 0.225, 'tempo': 119.113, 'type': 'audio_features', 'id': '4jgF1sLf3TkQbZkLHsc6SI', 'uri': 'spotify:track:4jgF1sLf3TkQbZkLHsc6SI', 'track_href': 'https://api.spotify.com/v1/tracks/4jgF1sLf3TkQbZkLHsc6SI', 'analysis_url': 'https://api.spotify.com/v1/audio-analysis/4jgF1sLf3TkQbZkLHsc6SI', 'duration_ms': 206453, 'time_signature': 3}",0.562,0.383,4,-8.54,1,0.0356,0.762,0.0,0.0775,0.225,119.113
One Call Away,19f9roe77Hen23e6vJ1iBN,Nine Track Mind (Deluxe),Charlie Puth,"{'danceability': 0.667, 'energy': 0.613, 'key': 1, 'loudness': -5.353, 'mode': 1, 'speechiness': 0.0344, 'acousticness': 0.403, 'instrumentalness': 0, 'liveness': 0.115, 'valence': 0.47, 'tempo': 91.024, 'type': 'audio_features', 'id': '19f9roe77Hen23e6vJ1iBN', 'uri': 'spotify:track:19f9roe77Hen23e6vJ1iBN', 'track_href': 'https://api.spotify.com/v1/tracks/19f9roe77Hen23e6vJ1iBN', 'analysis_url': 'https://api.spotify.com/v1/audio-analysis/19f9roe77Hen23e6vJ1iBN', 'duration_ms': 194453, 'time_signature': 4}",0.667,0.613,1,-5.353,1,0.0344,0.403,0.0,0.115,0.47,91.024
Dangerously,0DbVHIAldoWzrImJU9WN5y,Nine Track Mind (Deluxe),Charlie Puth,"{'danceability': 0.696, 'energy': 0.517, 'key': 2, 'loudness': -8.379, 'mode': 0, 'speechiness': 0.0366, 'acousticness': 0.364, 'instrumentalness': 0, 'liveness': 0.197, 'valence': 0.23, 'tempo': 112.291, 'type': 'audio_features', 'id': '0DbVHIAldoWzrImJU9WN5y', 'uri': 'spotify:track:0DbVHIAldoWzrImJU9WN5y', 'track_href': 'https://api.spotify.com/v1/tracks/0DbVHIAldoWzrImJU9WN5y', 'analysis_url': 'https://api.spotify.com/v1/audio-analysis/0DbVHIAldoWzrImJU9WN5y', 'duration_ms': 199133, 'time_signature': 3}",0.696,0.517,2,-8.379,0,0.0366,0.364,0.0,0.197,0.23,112.291
Marvin Gaye (feat. Meghan Trainor),3qVZXhECuCCsPMm7toPO8X,Nine Track Mind (Deluxe),Charlie Puth,"{'danceability': 0.795, 'energy': 0.616, 'key': 1, 'loudness': -5.281, 'mode': 0, 'speechiness': 0.06, 'acousticness': 0.417, 'instrumentalness': 0, 'liveness': 0.349, 'valence': 0.815, 'tempo': 110.015, 'type': 'audio_features', 'id': '3qVZXhECuCCsPMm7toPO8X', 'uri': 'spotify:track:3qVZXhECuCCsPMm7toPO8X', 'track_href': 'https://api.spotify.com/v1/tracks/3qVZXhECuCCsPMm7toPO8X', 'analysis_url': 'https://api.spotify.com/v1/audio-analysis/3qVZXhECuCCsPMm7toPO8X', 'duration_ms': 190453, 'time_signature': 4}",0.795,0.616,1,-5.281,0,0.06,0.417,0.0,0.349,0.815,110.015
Losing My Mind,0pimOBUm2iDR5kv7Jw87U0,Nine Track Mind (Deluxe),Charlie Puth,"{'danceability': 0.705, 'energy': 0.501, 'key': 1, 'loudness': -10.997, 'mode': 1, 'speechiness': 0.0618, 'acousticness': 0.759, 'instrumentalness': 0.0761, 'liveness': 0.104, 'valence': 0.16, 'tempo': 100.042, 'type': 'audio_features', 'id': '0pimOBUm2iDR5kv7Jw87U0', 'uri': 'spotify:track:0pimOBUm2iDR5kv7Jw87U0', 'track_href': 'https://api.spotify.com/v1/tracks/0pimOBUm2iDR5kv7Jw87U0', 'analysis_url': 'https://api.spotify.com/v1/audio-analysis/0pimOBUm2iDR5kv7Jw87U0', 'duration_ms': 212213, 'time_signature': 4}",0.705,0.501,1,-10.997,1,0.0618,0.759,0.0761,0.104,0.16,100.042
We Don't Talk Anymore (feat. Selena Gomez),4QArRxewE1TEJb8AiwfMYF,Nine Track Mind (Deluxe),Charlie Puth,"{'danceability': 0.728, 'energy': 0.563, 'key': 1, 'loudness': -8.053, 'mode': 0, 'speechiness': 0.134, 'acousticness': 0.621, 'instrumentalness': 0, 'liveness': 0.179, 'valence': 0.352, 'tempo': 100.017, 'type': 'audio_features', 'id': '4QArRxewE1TEJb8AiwfMYF', 'uri': 'spotify:track:4QArRxewE1TEJb8AiwfMYF', 'track_href': 'https://api.spotify.com/v1/tracks/4QArRxewE1TEJb8AiwfMYF', 'analysis_url': 'https://api.spotify.com/v1/audio-analysis/4QArRxewE1TEJb8AiwfMYF', 'duration_ms': 217707, 'time_signature': 4}",0.728,0.563,1,-8.053,0,0.134,0.621,0.0,0.179,0.352,100.017
My Gospel,6npLtUJC0l8WDKHPeP2rwX,Nine Track Mind (Deluxe),Charlie Puth,"{'danceability': 0.7, 'energy': 0.654, 'key': 6, 'loudness': -7.126, 'mode': 0, 'speechiness': 0.297, 'acousticness': 0.27, 'instrumentalness': 0, 'liveness': 0.0768, 'valence': 0.494, 'tempo': 112.039, 'type': 'audio_features', 'id': '6npLtUJC0l8WDKHPeP2rwX', 'uri': 'spotify:track:6npLtUJC0l8WDKHPeP2rwX', 'track_href': 'https://api.spotify.com/v1/tracks/6npLtUJC0l8WDKHPeP2rwX', 'analysis_url': 'https://api.spotify.com/v1/audio-analysis/6npLtUJC0l8WDKHPeP2rwX', 'duration_ms': 210867, 'time_signature': 4}",0.7,0.654,6,-7.126,0,0.297,0.27,0.0,0.0768,0.494,112.039
Up All Night,5vPTVMplZbchJBYDqOEDWc,Nine Track Mind (Deluxe),Charlie Puth,"{'danceability': 0.647, 'energy': 0.648, 'key': 0, 'loudness': -4.957, 'mode': 1, 'speechiness': 0.0314, 'acousticness': 0.551, 'instrumentalness': 0, 'liveness': 0.192, 'valence': 0.474, 'tempo': 81.892, 'type': 'audio_features', 'id': '5vPTVMplZbchJBYDqOEDWc', 'uri': 'spotify:track:5vPTVMplZbchJBYDqOEDWc', 'track_href': 'https://api.spotify.com/v1/tracks/5vPTVMplZbchJBYDqOEDWc', 'analysis_url': 'https://api.spotify.com/v1/audio-analysis/5vPTVMplZbchJBYDqOEDWc', 'duration_ms': 190107, 'time_signature': 4}",0.647,0.648,0,-4.957,1,0.0314,0.551,0.0,0.192,0.474,81.892
Left Right Left,1UTlDJKLysbiFZO7phs9WV,Nine Track Mind (Deluxe),Charlie Puth,"{'danceability': 0.698, 'energy': 0.712, 'key': 2, 'loudness': -3.634, 'mode': 1, 'speechiness': 0.0321, 'acousticness': 0.21, 'instrumentalness': 0, 'liveness': 0.0602, 'valence': 0.486, 'tempo': 99.952, 'type': 'audio_features', 'id': '1UTlDJKLysbiFZO7phs9WV', 'uri': 'spotify:track:1UTlDJKLysbiFZO7phs9WV', 'track_href': 'https://api.spotify.com/v1/tracks/1UTlDJKLysbiFZO7phs9WV', 'analysis_url': 'https://api.spotify.com/v1/audio-analysis/1UTlDJKLysbiFZO7phs9WV', 'duration_ms': 206467, 'time_signature': 4}",0.698,0.712,2,-3.634,1,0.0321,0.21,0.0,0.0602,0.486,99.952
Then There's You,2PpVX0Vu2j1mdeNueMDPZF,Nine Track Mind (Deluxe),Charlie Puth,"{'danceability': 0.581, 'energy': 0.714, 'key': 2, 'loudness': -8.688, 'mode': 1, 'speechiness': 0.0372, 'acousticness': 0.0619, 'instrumentalness': 4.55e-05, 'liveness': 0.105, 'valence': 0.302, 'tempo': 97.911, 'type': 'audio_features', 'id': '2PpVX0Vu2j1mdeNueMDPZF', 'uri': 'spotify:track:2PpVX0Vu2j1mdeNueMDPZF', 'track_href': 'https://api.spotify.com/v1/tracks/2PpVX0Vu2j1mdeNueMDPZF', 'analysis_url': 'https://api.spotify.com/v1/audio-analysis/2PpVX0Vu2j1mdeNueMDPZF', 'duration_ms': 214413, 'time_signature': 4}",0.581,0.714,2,-8.688,1,0.0372,0.0619,4.55e-05,0.105,0.302,97.911
Suffer,33SkruahtMKjSqtVQB9ryC,Nine Track Mind (Deluxe),Charlie Puth,"{'danceability': 0.58, 'energy': 0.443, 'key': 3, 'loudness': -7.323, 'mode': 0, 'speechiness': 0.0498, 'acousticness': 0.75, 'instrumentalness': 0, 'liveness': 0.0742, 'valence': 0.576, 'tempo': 175.938, 'type': 'audio_features', 'id': '33SkruahtMKjSqtVQB9ryC', 'uri': 'spotify:track:33SkruahtMKjSqtVQB9ryC', 'track_href': 'https://api.spotify.com/v1/tracks/33SkruahtMKjSqtVQB9ryC', 'analysis_url': 'https://api.spotify.com/v1/audio-analysis/33SkruahtMKjSqtVQB9ryC', 'duration_ms': 210680, 'time_signature': 3}",0.58,0.443,3,-7.323,0,0.0498,0.75,0.0,0.0742,0.576,175.938
As You Are (feat. Shy Carter),6KYVdZ8ZGi0StyfyJ0Sinr,Nine Track Mind (Deluxe),Charlie Puth,"{'danceability': 0.819, 'energy': 0.523, 'key': 2, 'loudness': -6.202, 'mode': 1, 'speechiness': 0.0449, 'acousticness': 0.361, 'instrumentalness': 0, 'liveness': 0.0716, 'valence': 0.699, 'tempo': 113.952, 'type': 'audio_features', 'id': '6KYVdZ8ZGi0StyfyJ0Sinr', 'uri': 'spotify:track:6KYVdZ8ZGi0StyfyJ0Sinr', 'track_href': 'https://api.spotify.com/v1/tracks/6KYVdZ8ZGi0StyfyJ0Sinr', 'analysis_url': 'https://api.spotify.com/v1/audio-analysis/6KYVdZ8ZGi0StyfyJ0Sinr', 'duration_ms': 235920, 'time_signature': 4}",0.819,0.523,2,-6.202,1,0.0449,0.361,0.0,0.0716,0.699,113.952
Some Type Of Love,1ZG8XKVPjKCHcL9Zmw5dXW,Nine Track Mind (Deluxe),Charlie Puth,"{'danceability': 0.702, 'energy': 0.595, 'key': 2, 'loudness': -6.005, 'mode': 1, 'speechiness': 0.0912, 'acousticness': 0.392, 'instrumentalness': 0, 'liveness': 0.0753, 'valence': 0.366, 'tempo': 90.497, 'type': 'audio_features', 'id': '1ZG8XKVPjKCHcL9Zmw5dXW', 'uri': 'spotify:track:1ZG8XKVPjKCHcL9Zmw5dXW', 'track_href': 'https://api.spotify.com/v1/tracks/1ZG8XKVPjKCHcL9Zmw5dXW', 'analysis_url': 'https://api.spotify.com/v1/audio-analysis/1ZG8XKVPjKCHcL9Zmw5dXW', 'duration_ms': 187907, 'time_signature': 4}",0.702,0.595,2,-6.005,1,0.0912,0.392,0.0,0.0753,0.366,90.497
River,4Ccmop9CkDfU6PWtvOEAbn,Nine Track Mind (Deluxe),Charlie Puth,"{'danceability': 0.775, 'energy': 0.329, 'key': 4, 'loudness': -6.962, 'mode': 0, 'speechiness': 0.034, 'acousticness': 0.838, 'instrumentalness': 0, 'liveness': 0.108, 'valence': 0.252, 'tempo': 100.034, 'type': 'audio_features', 'id': '4Ccmop9CkDfU6PWtvOEAbn', 'uri': 'spotify:track:4Ccmop9CkDfU6PWtvOEAbn', 'track_href': 'https://api.spotify.com/v1/tracks/4Ccmop9CkDfU6PWtvOEAbn', 'analysis_url': 'https://api.spotify.com/v1/audio-analysis/4Ccmop9CkDfU6PWtvOEAbn', 'duration_ms': 191360, 'time_signature': 4}",0.775,0.329,4,-6.962,0,0.034,0.838,0.0,0.108,0.252,100.034
Does It Feel,4mGXCXP9khO6DfRPI3vIuG,Nine Track Mind (Deluxe),Charlie Puth,"{'danceability': 0.61, 'energy': 0.86, 'key': 8, 'loudness': -4.6, 'mode': 0, 'speechiness': 0.127, 'acousticness': 0.177, 'instrumentalness': 0, 'liveness': 0.155, 'valence': 0.549, 'tempo': 98.995, 'type': 'audio_features', 'id': '4mGXCXP9khO6DfRPI3vIuG', 'uri': 'spotify:track:4mGXCXP9khO6DfRPI3vIuG', 'track_href': 'https://api.spotify.com/v1/tracks/4mGXCXP9khO6DfRPI3vIuG', 'analysis_url': 'https://api.spotify.com/v1/audio-analysis/4mGXCXP9khO6DfRPI3vIuG', 'duration_ms': 218667, 'time_signature': 4}",0.61,0.86,8,-4.6,0,0.127,0.177,0.0,0.155,0.549,98.995
Nothing But Trouble - Instagram Models Dance Remix,2xbrSRHA5mZdjmemo3bMZa,Nine Track Mind (Deluxe),Charlie Puth,"{'danceability': 0.682, 'energy': 0.806, 'key': 6, 'loudness': -5.298, 'mode': 0, 'speechiness': 0.0395, 'acousticness': 0.011, 'instrumentalness': 0.0527, 'liveness': 0.564, 'valence': 0.698, 'tempo': 122.984, 'type': 'audio_features', 'id': '2xbrSRHA5mZdjmemo3bMZa', 'uri': 'spotify:track:2xbrSRHA5mZdjmemo3bMZa', 'track_href': 'https://api.spotify.com/v1/tracks/2xbrSRHA5mZdjmemo3bMZa', 'analysis_url': 'https://api.spotify.com/v1/audio-analysis/2xbrSRHA5mZdjmemo3bMZa', 'duration_ms': 286829, 'time_signature': 4}",0.682,0.806,6,-5.298,0,0.0395,0.011,0.0527,0.564,0.698,122.984
